<?xml version="1.0" encoding="UTF-8"?>
<metadata xml:lang="en"><dataIdInfo><envirDesc>Microsoft Windows 7 Version 6.1 (Build 7601) Service Pack 1; Esri ArcGIS 10.4.1.5713</envirDesc><dataLang><languageCode value="eng"/><countryCode value="USA"/></dataLang><idCitation><resTitle>Active_WRTA_Bus_Stops</resTitle><presForm><PresFormCd value="005"/></presForm></idCitation><spatRpType><SpatRepTypCd value="001"/></spatRpType></dataIdInfo><mdLang><languageCode value="eng"/><countryCode value="USA"/></mdLang><distInfo><distFormat><formatName>File Geodatabase Feature Class</formatName></distFormat></distInfo><mdHrLv><ScopeCd value="005"/></mdHrLv><mdHrLvName>dataset</mdHrLvName><refSysInfo><RefSystem><refSysID><identCode code="4326"/><idCodeSpace>EPSG</idCodeSpace><idVersion>6.14(3.0.1)</idVersion></refSysID></RefSystem></refSysInfo><spatRepInfo><VectSpatRep><geometObjs><geoObjTyp><GeoObjTypCd value="004"/></geoObjTyp><geoObjCnt>0</geoObjCnt></geometObjs><topLvl><TopoLevCd value="001"/></topLvl></VectSpatRep></spatRepInfo><spdoinfo><ptvctinf/></spdoinfo><eainfo><detailed><enttyp><enttypl>Active_WRTA_Bus_Stops</enttypl></enttyp><attr><attrlabl>OBJECTID_1</attrlabl><attrdef>Internal feature number.</attrdef><attrdefs>Esri</attrdefs><attrdomv><udom>Sequential unique whole numbers that are automatically generated.</udom></attrdomv></attr><attr><attrlabl>Shape</attrlabl><attrdef>Feature geometry.</attrdef><attrdefs>Esri</attrdefs><attrdomv><udom>Coordinates defining the features.</udom></attrdomv></attr><attr><attrlabl>OBJECTID</attrlabl></attr><attr><attrlabl>stop_id</attrlabl></attr><attr><attrlabl>stop_code</attrlabl></attr><attr><attrlabl>stop_name</attrlabl></attr><attr><attrlabl>stop_desc</attrlabl></attr><attr><attrlabl>stop_lat</attrlabl></attr><attr><attrlabl>stop_lon</attrlabl></attr><attr><attrlabl>zone_id</attrlabl></attr><attr><attrlabl>stop_url</attrlabl></attr><attr><attrlabl>LASTEDITED</attrlabl></attr><attr><attrlabl>Inactive</attrlabl></attr></detailed></eainfo><mdDateSt>20171206</mdDateSt><Esri><CreaDate>20200806</CreaDate><CreaTime>13400800</CreaTime><ArcGISFormat>1.0</ArcGISFormat><SyncOnce>TRUE</SyncOnce><DataProperties><itemProps><itemLocation><linkage Sync="TRUE">file://\\BUNKO2\GIS Server\GIS Library\GIS Workspaces\Burnham\WRTA 2020\WRTA August 2020\Active_WRTA_Bus_Stops_Aug2020</linkage><protocol Sync="TRUE">Local Area Network</protocol></itemLocation></itemProps><copyHistory><copy source="\\BUNKO2\GIS Server\GIS Library\GIS Workspaces\Burnham\WRTA 2020\Active_WRTA_Bus_Stops_Aug2020" dest="\\BUNKO2\GIS Server\GIS Library\GIS Workspaces\Burnham\WRTA 2020\WRTA August 2020\Active_WRTA_Bus_Stops_Aug2020" date="20200806" time="13432500"></copy></copyHistory></DataProperties></Esri></metadata>
